{"type": "demo_activation_manifest", "version": 1, "locale": ["de_AT", "it_CH", "ro_RO", "mt_MT", "es_EC", "es_US", "pt_BR", "cs_CZ", "fr_LU", "es_UY", "es_MX", "sk_SK", "es_ES", "ar_OM", "es_VE", "nl_BE", "sq_AL", "sv_SE", "da_DK", "es_NI", "iw_IL", "ko_KR", "en_US", "en_MT", "el_GR", "it_IT", "pl_PL", "fr_BE", "be_BY", "en_AU", "tr_TR", "ja_JP", "de_DE", "es_SV", "ar_QA", "de_CH", "zh_HK", "ar_YE", "es_CO", "es_CL", "fr_CA", "es_CR", "en_SG", "fr_CH", "vi_VN", "fi_FI", "en_CA", "lv_LV", "uk_UA", "es_DO", "ga_IE", "ar_IQ", "sl_SI", "ar_AE", "pt_PT", "en_GY", "en_PH", "th_TH", "in_ID", "ca_ES", "hu_HU", "ar_SA", "ar_SD", "sr_BA", "ar_BH", "ar_JO", "nl_NL", "is_IS", "es_AR", "sr_RS", "en_IE", "hr_HR", "ar_KW", "de_LU", "lt_LT", "ar_SY", "en_IN", "es_BO", "no_NO", "en_ZA", "ru_RU", "ar_TN", "ar_LB", "hi_IN", "fr_FR", "el_CY", "ms_MY", "zh_TW", "ar_LY", "sr_CS", "es_GT", "en_NZ", "es_PE", "zh_SG", "es_PA", "ar_DZ", "bg_BG", "mk_MK", "ar_MA", "sr_ME", "en_GB", "es_HN", "et_EE", "es_PR", "ar_EG", "es_PY"], "files": [{"name": "KOA2-5.13.4.zip", "checksum": "5c642d660c2147bb1aca89e8c0368559"}]}